{"cameraMode":{"drawMode":0,"name":"Shaded","section":"Shading Mode"},"sceneLighting":true,"audioPlay":false,"sceneViewState":{"showFog":true,"showMaterialUpdate":false,"showSkybox":true,"showFlares":true,"showImageEffects":true,"showParticleSystems":true},"in2DMode":false,"pivot":{"x":7.582003116607666,"y":2.7392165660858156,"z":-16.723506927490236},"rotation":{"x":0.0007791363750584424,"y":-0.9848900437355042,"z":0.17312252521514893,"w":0.004430832341313362},"size":0.8784810900688171,"orthographic":false}