{"cameraMode":{"drawMode":0,"name":"Shaded","section":"Shading Mode"},"sceneLighting":false,"audioPlay":false,"sceneViewState":{"showFog":true,"showMaterialUpdate":false,"showSkybox":true,"showFlares":true,"showImageEffects":true,"showParticleSystems":true},"in2DMode":false,"pivot":{"x":145.71630859375,"y":2.096001148223877,"z":134.00450134277345},"rotation":{"x":0.0012859386624768377,"y":-0.9767450094223023,"z":0.21432049572467805,"w":0.005860541481524706},"size":18.254150390625,"orthographic":false}