{"cameraMode":{"drawMode":0,"name":"Shaded","section":"Shading Mode"},"sceneLighting":true,"audioPlay":false,"sceneViewState":{"showFog":true,"showMaterialUpdate":false,"showSkybox":true,"showFlares":true,"showImageEffects":true,"showParticleSystems":true},"in2DMode":false,"pivot":{"x":3.630311965942383,"y":2.2563183307647707,"z":-21.837879180908204},"rotation":{"x":-0.0002123606827808544,"y":0.9997716546058655,"z":0.01199830137193203,"w":0.01768389344215393},"size":1.9288389682769776,"orthographic":false}