{"cameraMode":{"drawMode":0,"name":"Shaded","section":"Shading Mode"},"sceneLighting":false,"audioPlay":false,"sceneViewState":{"showFog":true,"showMaterialUpdate":false,"showSkybox":true,"showFlares":true,"showImageEffects":true,"showParticleSystems":true},"in2DMode":false,"pivot":{"x":140.067138671875,"y":2.5532288551330568,"z":131.0155029296875},"rotation":{"x":-0.003802988212555647,"y":0.9913308024406433,"z":-0.12798920273780824,"w":-0.029454754665493966},"size":6.479056358337402,"orthographic":false}