{"cameraMode":{"drawMode":0,"name":"Shaded","section":"Shading Mode"},"sceneLighting":true,"audioPlay":false,"sceneViewState":{"showFog":true,"showMaterialUpdate":false,"showSkybox":true,"showFlares":true,"showImageEffects":true,"showParticleSystems":true},"in2DMode":false,"pivot":{"x":2.469263792037964,"y":1.300270438194275,"z":1.5265402793884278},"rotation":{"x":-0.12617641687393189,"y":0.6743628978729248,"z":-0.11853816360235214,"w":-0.7178181409835815},"size":0.7860158681869507,"orthographic":false}